"data","casos","n_casos","obitos","n_obitos"
"2020-02-25",0,0,0,0
"2020-02-26",0,0,0,0
"2020-02-27",0,0,0,0
"2020-02-28",0,0,0,0
"2020-02-29",0,0,0,0
"2020-03-01",0,0,0,0
"2020-03-02",0,0,0,0
"2020-03-03",0,0,0,0
"2020-03-04",0,0,0,0
"2020-03-05",0,0,0,0
"2020-03-06",1,1,0,0
"2020-03-07",2,1,0,0
"2020-03-08",2,0,0,0
"2020-03-09",2,0,0,0
"2020-03-10",2,0,0,0
"2020-03-11",2,0,0,0
"2020-03-12",2,0,0,0
"2020-03-13",2,0,0,0
"2020-03-14",2,0,0,0
"2020-03-15",2,0,0,0
"2020-03-16",2,0,0,0
"2020-03-17",3,1,0,0
"2020-03-18",3,0,0,0
"2020-03-19",30,27,0,0
"2020-03-20",33,3,0,0
"2020-03-21",41,8,0,0
"2020-03-22",49,8,0,0
"2020-03-23",63,14,0,0
"2020-03-24",76,13,0,0
"2020-03-25",84,8,0,0
"2020-03-26",104,20,0,0
"2020-03-27",115,11,0,0
"2020-03-28",255,140,0,0
"2020-03-29",310,55,2,2
"2020-03-30",352,42,2,0
"2020-03-31",430,78,4,2
"2020-04-01",492,62,4,0
"2020-04-02",534,42,6,2
"2020-04-03",571,37,10,4
"2020-04-04",668,97,14,4
"2020-04-05",802,134,18,4
"2020-04-06",862,60,20,2
"2020-04-07",918,56,26,6
"2020-04-08",1012,94,33,7
"2020-04-09",1127,115,38,5
"2020-04-10",1220,93,38,0
"2020-04-11",1275,55,42,4
"2020-04-12",1347,72,42,0
"2020-04-13",1446,99,44,2
"2020-04-14",1535,89,47,3
"2020-04-15",1691,156,55,8
"2020-04-16",1918,227,64,9
"2020-04-17",2123,205,72,8
"2020-04-18",2393,270,76,4
"2020-04-19",2479,86,90,14
"2020-04-20",2718,239,93,3
"2020-04-21",2993,275,95,2
"2020-04-22",3289,296,103,8
"2020-04-23",3634,345,121,18
"2020-04-24",3941,307,131,10
"2020-04-25",4197,256,142,11
"2020-04-26",4457,260,147,5
"2020-04-27",4710,253,159,12
"2020-04-28",5104,394,179,20
"2020-04-29",5322,218,196,17
"2020-04-30",5718,396,210,14
"2020-05-01",6225,507,234,24
"2020-05-02",6582,357,246,12
"2020-05-03",7061,479,251,5
"2020-05-04",7468,407,282,31
"2020-05-05",8080,612,292,10
"2020-05-06",8602,522,320,28
"2020-05-07",9056,454,330,10
"2020-05-08",9636,580,366,36
"2020-05-09",10348,712,392,26
"2020-05-10",11116,768,404,12
"2020-05-11",11616,500,422,18
"2020-05-12",12408,792,450,28
"2020-05-13",13094,686,472,22
"2020-05-14",13910,816,524,52
"2020-05-15",16256,2346,559,35
"2020-05-16",16628,372,572,13
"2020-05-17",16886,258,590,18
"2020-05-18",17162,276,624,34
"2020-05-19",22026,4864,652,28
"2020-05-20",22394,368,724,72
"2020-05-21",23882,1488,752,28
"2020-05-22",25114,1232,798,46
"2020-05-23",26000,886,826,28
"2020-05-24",27798,1798,920,94
"2020-05-25",28408,610,954,34
"2020-05-26",29132,724,990,36
"2020-05-27",30140,1008,1062,72
"2020-05-28",31926,1786,1140,78
"2020-05-29",33834,1908,1218,78
"2020-05-30",35252,1418,1276,58
"2020-05-31",36784,1532,1334,58
"2020-06-01",37796,1012,1402,68
"2020-06-02",42860,5064,1472,70
"2020-06-03",44902,2042,1524,52
"2020-06-04",46926,2024,1580,56
"2020-06-05",52838,5912,1638,58
"2020-06-06",54792,1954,1692,54
"2020-06-07",56500,1708,1758,66
"2020-06-08",57430,930,1820,62
"2020-06-09",60962,3532,1874,54
"2020-06-10",65370,4408,1950,76
"2020-06-11",67782,2412,2026,76
"2020-06-12",69330,1548,2078,52
"2020-06-13",71576,2246,2138,60
"2020-06-14",72802,1226,2210,72
"2020-06-15",75240,2438,2290,80
"2020-06-16",78412,3172,2362,72
"2020-06-17",81852,3440,2444,82
"2020-06-18",83154,1302,2526,82
"2020-06-19",87844,4690,2610,84
"2020-06-20",90608,2764,2700,90
"2020-06-21",92558,1950,2782,82
"2020-06-22",94172,1614,2882,100
"2020-06-23",98168,3996,2982,100
"2020-06-24",103862,5694,3082,100
"2020-06-25",108582,4720,3202,120
"2020-06-26",112844,4262,3284,82
"2020-06-27",130488,17644,3394,110
"2020-06-28",136990,6502,3496,102
"2020-06-29",138934,1944,3600,104
"2020-06-30",146614,7680,3706,106
"2020-07-01",152970,6356,3804,98
"2020-07-02",158698,5728,3894,90
"2020-07-03",164628,5930,4002,108
"2020-07-04",170970,6342,4100,98
"2020-07-05",174096,3126,4214,114
"2020-07-06",176558,2462,4336,122
"2020-07-07",183908,7350,4432,96
"2020-07-08",191072,7164,4554,122
"2020-07-09",196638,5566,4656,102
"2020-07-10",202372,5734,4766,110
"2020-07-11",208376,6004,4872,106
"2020-07-12",211526,3150,4966,94
"2020-07-13",213782,2256,5070,104
"2020-07-14",220058,6276,5168,98
"2020-07-15",225986,5928,5276,108
"2020-07-16",232746,6760,5386,110
"2020-07-17",237314,4568,5476,90
"2020-07-18",240476,3162,5586,110
"2020-07-19",244338,3862,5680,94
"2020-07-20",246584,2246,5782,102
"2020-07-21",253688,7104,5872,90
"2020-07-22",266490,12802,5976,104
"2020-07-23",276716,10226,6088,112
"2020-07-24",285534,8818,6192,104
"2020-07-25",292798,7264,6280,88
"2020-07-26",296358,3560,6364,84
"2020-07-27",298218,1860,6454,90
"2020-07-28",306626,8408,6540,86
"2020-07-29",314668,8042,6642,102
"2020-07-30",323260,8592,6782,140
"2020-07-31",332308,9048,6926,144
"2020-08-01",337852,5544,7034,108
"2020-08-02",340952,3100,7144,110
"2020-08-03",342782,1830,7248,104
"2020-08-04",350778,7996,7356,108
"2020-08-05",359474,8696,7472,116
"2020-08-06",367380,7906,7578,106
"2020-08-07",375784,8404,7686,108
"2020-08-08",382802,7018,7798,112
"2020-08-09",386058,3256,7906,108
"2020-08-10",388194,2136,8022,116
"2020-08-11",397534,9340,8134,112
"2020-08-12",406040,8506,8270,136
"2020-08-13",413910,7870,8404,134
"2020-08-14",421986,8076,8542,138
"2020-08-15",428758,6772,8676,134
"2020-08-16",432060,3302,8812,136
"2020-08-17",434230,2170,8950,138
"2020-08-18",442082,7852,9084,134
"2020-08-19",449318,7236,9222,138
"2020-08-20",457192,7874,9370,148
"2020-08-21",459486,2294,9514,144
"2020-08-22",468408,8922,9664,150
"2020-08-23",472100,3692,9810,146
"2020-08-24",474416,2316,9962,152
"2020-08-25",481878,7462,10102,140
"2020-08-26",490042,8164,10232,130
"2020-08-27",495706,5664,10356,124
"2020-08-28",501954,6248,10486,130
"2020-08-29",509580,7626,10604,118
"2020-08-30",512124,2544,10688,84
"2020-08-31",513454,1330,10794,106
"2020-09-01",518836,5382,10896,102
"2020-09-02",524598,5762,11004,108
"2020-09-03",531478,6880,11098,94
"2020-09-04",536274,4796,11180,82
"2020-09-05",540354,4080,11254,74
"2020-09-06",542450,2096,11316,62
"2020-09-07",543926,1476,11386,70
"2020-09-08",545628,1702,11468,82
"2020-09-09",550176,4548,11548,80
"2020-09-10",554654,4478,11636,88
"2020-09-11",559018,4364,11732,96
"2020-09-12",563330,4312,11824,92
"2020-09-13",565034,1704,11922,98
"2020-09-14",566470,1436,11998,76
"2020-09-15",570896,4426,12080,82
"2020-09-16",575370,4474,12170,90
"2020-09-17",579310,3940,12264,94
"2020-09-18",584038,4728,12362,98
"2020-09-19",588420,4382,12442,80
"2020-09-20",590606,2186,12530,88
"2020-09-21",591992,1386,12626,96
"2020-09-22",595610,3618,12718,92
"2020-09-23",598830,3220,12816,98
"2020-09-24",602496,3666,12910,94
"2020-09-25",606116,3620,13006,96
"2020-09-26",610372,4256,13104,98
"2020-09-27",612072,1700,13198,94
"2020-09-28",613258,1186,13296,98
"2020-09-29",616504,3246,13394,98
"2020-09-30",621052,4548,13488,94
"2020-10-01",624100,3048,13590,102
"2020-10-02",626808,2708,13688,98
"2020-10-03",629422,2614,13780,92
"2020-10-04",630880,1458,13850,70
"2020-10-05",632010,1130,13906,56
"2020-10-06",636294,4284,13970,64
"2020-10-07",639962,3668,14042,72
"2020-10-08",643596,3634,14098,56
"2020-10-09",646420,2824,14150,52
"2020-10-10",649928,3508,14198,48
"2020-10-11",651914,1986,14256,58
"2020-10-12",653268,1354,14318,62
"2020-10-13",654654,1386,14376,58
"2020-10-14",659574,4920,14428,52
"2020-10-15",662724,3150,14486,58
"2020-10-16",665796,3072,14534,48
"2020-10-17",669394,3598,14576,42
"2020-10-18",670702,1308,14632,56
"2020-10-19",672464,1762,14684,52
"2020-10-20",675988,3524,14726,42
"2020-10-21",678430,2442,14768,42
"2020-10-22",681330,2900,14814,46
"2020-10-23",685052,3722,14864,50
"2020-10-24",688028,2976,14906,42
"2020-10-25",689410,1382,14950,44
"2020-10-26",691898,2488,14994,44
"2020-10-27",695442,3544,15038,44
"2020-10-28",699422,3980,15092,54
"2020-10-29",702554,3132,15142,50
"2020-10-30",705400,2846,15200,58
"2020-10-31",706314,914,15244,44
"2020-11-01",708086,1772,15290,46
"2020-11-02",709152,1066,15334,44
"2020-11-03",709966,814,15380,46
"2020-11-04",711506,1540,15422,42
"2020-11-05",718260,6754,15462,40
"2020-11-06",722272,4012,15508,46
"2020-11-07",725126,2854,15552,44
"2020-11-08",726292,1166,15592,40
"2020-11-09",727972,1680,15636,44
"2020-11-10",731882,3910,15676,40
"2020-11-11",735338,3456,15718,42
"2020-11-12",738518,3180,15764,46
"2020-11-13",742756,4238,15804,40
"2020-11-14",745454,2698,15844,40
"2020-11-15",748018,2564,15886,42
"2020-11-16",749442,1424,15934,48
"2020-11-17",750748,1306,15978,44
"2020-11-18",754890,4142,16026,48
"2020-11-19",760588,5698,16076,50
"2020-11-20",764328,3740,16122,46
"2020-11-21",767890,3562,16162,40
"2020-11-22",769806,1916,16204,42
"2020-11-23",772642,2836,16246,42
"2020-11-24",775572,2930,16286,40
"2020-11-25",781818,6246,16330,44
"2020-11-26",784762,2944,16370,40
"2020-11-27",788600,3838,16414,44
"2020-11-28",797008,8408,16454,40
"2020-11-29",802838,5830,16494,40
"2020-11-30",806142,3304,16536,42
"2020-12-01",812378,6236,16586,50
"2020-12-02",818834,6456,16630,44
"2020-12-03",825370,6536,16672,42
"2020-12-04",833468,8098,16720,48
"2020-12-05",838088,4620,16776,56
"2020-12-06",846248,8160,16836,60
"2020-12-07",849408,3160,16890,54
"2020-12-08",856068,6660,16948,58
"2020-12-09",863572,7504,17004,56
"2020-12-10",873324,9752,17062,58
"2020-12-11",881090,7766,17122,60
"2020-12-12",886930,5840,17178,56
"2020-12-13",889322,2392,17220,42
"2020-12-14",894252,4930,17270,50
"2020-12-15",902480,8228,17330,60
"2020-12-16",912212,9732,17382,52
"2020-12-17",922052,9840,17440,58
"2020-12-18",928166,6114,17496,56
"2020-12-19",936006,7840,17554,58
"2020-12-20",939320,3314,17614,60
"2020-12-21",942354,3034,17670,56
"2020-12-22",947730,5376,17730,60
"2020-12-23",953910,6180,17786,56
"2020-12-24",959106,5196,17848,62
"2020-12-25",961528,2422,17908,60
"2020-12-26",964226,2698,17966,58
"2020-12-27",967474,3248,18022,56
"2020-12-28",968970,1496,18082,60
"2020-12-29",975382,6412,18144,62
"2020-12-30",981076,5694,18200,56
"2020-12-31",986800,5724,18258,58
"2021-01-01",989368,2568,18318,60
"2021-01-02",990572,1204,18374,56
"2021-01-03",992016,1444,18436,62
"2021-01-04",993646,1630,18492,56
"2021-01-05",999800,6154,18552,60
"2021-01-06",1005876,6076,18608,56
"2021-01-07",1011836,5960,18666,58
"2021-01-08",1017390,5554,18728,62
"2021-01-09",1022384,4994,18784,56
"2021-01-10",1025682,3298,18848,64
"2021-01-11",1027512,1830,18906,58
"2021-01-12",1031722,4210,18960,54
"2021-01-13",1037910,6188,19024,64
"2021-01-14",1046136,8226,19086,62
"2021-01-15",1057078,10942,19150,64
"2021-01-16",1068742,11664,19212,62
"2021-01-17",1075544,6802,19276,64
"2021-01-18",1080640,5096,19334,58
"2021-01-19",1088648,8008,19394,60
"2021-01-20",1098630,9982,19456,62
"2021-01-21",1107540,8910,19520,64
"2021-01-22",1115800,8260,19588,68
"2021-01-23",1124932,9132,19654,66
"2021-01-24",1130640,5708,19714,60
"2021-01-25",1133486,2846,19772,58
"2021-01-26",1140184,6698,19840,68
"2021-01-27",1148124,7940,19904,64
"2021-01-28",1155414,7290,19974,70
"2021-01-29",1163760,8346,20042,68
"2021-01-30",1171916,8156,20118,76
"2021-01-31",1176212,4296,20194,76
"2021-02-01",1178468,2256,20272,78
"2021-02-02",1185540,7072,20352,80
"2021-02-03",1192280,6740,20432,80
"2021-02-04",1198870,6590,20510,78
"2021-02-05",1205584,6714,20588,78
"2021-02-06",1212124,6540,20668,80
"2021-02-07",1215892,3768,20746,78
"2021-02-08",1219510,3618,20824,78
"2021-02-09",1226678,7168,20902,78
"2021-02-10",1233578,6900,20992,90
"2021-02-11",1240084,6506,21086,94
"2021-02-12",1247356,7272,21220,134
"2021-02-13",1254530,7174,21348,128
"2021-02-14",1259698,5168,21470,122
"2021-02-15",1263290,3592,21596,126
"2021-02-16",1270988,7698,21728,132
"2021-02-17",1278454,7466,21856,128
"2021-02-18",1286488,8034,21990,134
"2021-02-19",1294768,8280,22120,130
"2021-02-20",1302968,8200,22256,136
"2021-02-21",1306670,3702,22382,126
"2021-02-22",1310962,4292,22508,126
"2021-02-23",1321012,10050,22640,132
"2021-02-24",1329808,8796,22776,136
"2021-02-25",1339642,9834,22976,200
"2021-02-26",1348768,9126,23250,274
"2021-02-27",1361808,13040,23458,208
"2021-02-28",1368074,6266,23638,180
"2021-03-01",1372114,4040,23828,190
"2021-03-02",1378908,6794,24056,228
"2021-03-03",1389566,10658,24280,224
"2021-03-04",1401536,11970,24502,222
"2021-03-05",1412750,11214,24706,204
"2021-03-06",1421800,9050,24896,190
"2021-03-07",1428010,6210,25060,164
"2021-03-08",1430836,2826,25264,204
"2021-03-09",1440136,9300,25470,206
"2021-03-10",1451134,10998,25692,222
"2021-03-11",1461084,9950,25922,230
"2021-03-12",1471332,10248,26124,202
"2021-03-13",1480296,8964,26318,194
"2021-03-14",1486128,5832,26478,160
"2021-03-15",1488454,2326,26682,204
"2021-03-16",1497670,9216,26918,236
"2021-03-17",1507168,9498,27178,260
"2021-03-18",1516336,9168,27484,306
"2021-03-19",1525232,8896,27770,286
"2021-03-20",1534268,9036,28000,230
"2021-03-21",1537664,3396,28198,198
"2021-03-22",1540860,3196,28448,250
"2021-03-23",1548982,8122,28714,266
"2021-03-24",1558642,9660,28984,270
"2021-03-25",1567116,8474,29262,278
"2021-03-26",1576592,9476,29572,310
"2021-03-27",1582962,6370,29772,200
"2021-03-28",1588874,5912,29920,148
"2021-03-29",1591010,2136,30100,180
"2021-03-30",1598858,7848,30340,240
"2021-03-31",1607328,8470,30660,320
"2021-04-01",1616922,9594,30944,284
"2021-04-02",1623616,6694,31198,254
"2021-04-03",1627588,3972,31320,122
"2021-04-04",1631298,3710,31420,100
"2021-04-05",1635444,4146,31592,172
"2021-04-06",1642606,7162,31836,244
"2021-04-07",1650030,7424,32214,378
"2021-04-08",1656932,6902,32464,250
"2021-04-09",1665498,8566,32694,230
"2021-04-10",1671924,6426,32890,196
"2021-04-11",1678790,6866,33032,142
"2021-04-12",1681952,3162,33222,190
"2021-04-13",1690160,8208,33426,204
"2021-04-14",1697254,7094,33718,292
"2021-04-15",1704916,7662,34000,282
"2021-04-16",1711742,6826,34268,268
"2021-04-17",1719520,7778,34456,188
"2021-04-18",1724668,5148,34606,150
"2021-04-19",1727528,2860,34742,136
"2021-04-20",1736094,8566,34912,170
"2021-04-21",1743344,7250,35148,236
"2021-04-22",1747664,4320,35374,226
"2021-04-23",1754968,7304,35608,234
"2021-04-24",1761606,6638,35816,208
"2021-04-25",1768088,6482,36006,190
"2021-04-26",1771710,3622,36174,168
"2021-04-27",1779862,8152,36388,214
"2021-04-28",1786552,6690,36596,208
"2021-04-29",1794546,7994,36782,186
"2021-04-30",1801682,7136,36954,172
"2021-05-01",1810226,8544,37122,168
"2021-05-02",1814242,4016,37282,160
"2021-05-03",1819824,5582,37460,178
"2021-05-04",1826040,6216,37624,164
"2021-05-05",1833902,7862,37794,170
"2021-05-06",1840844,6942,37960,166
"2021-05-07",1850002,9158,38142,182
"2021-05-08",1856874,6872,38330,188
"2021-05-09",1861186,4312,38478,148
"2021-05-10",1864062,2876,38640,162
"2021-05-11",1872550,8488,38822,182
"2021-05-12",1881168,8618,39006,184
"2021-05-13",1889448,8280,39248,242
"2021-05-14",1897506,8058,39478,230
"2021-05-15",1905592,8086,39662,184
"2021-05-16",1910700,5108,39788,126
"2021-05-17",1914534,3834,39944,156
"2021-05-18",1922314,7780,40108,164
"2021-05-19",1932536,10222,40262,154
"2021-05-20",1942900,10364,40410,148
"2021-05-21",1952502,9602,40560,150
"2021-05-22",1961424,8922,40726,166
"2021-05-23",1967174,5750,40856,130
"2021-05-24",1969934,2760,40998,142
"2021-05-25",1979818,9884,41212,214
"2021-05-26",1990728,10910,41452,240
"2021-05-27",1998926,8198,41712,260
"2021-05-28",2007046,8120,41942,230
"2021-05-29",2020332,13286,42148,206
"2021-05-30",2020332,0,42148,0
"2021-05-31",2024400,4068,42482,334
"2021-06-01",2032960,8560,42658,176
"2021-06-02",2042734,9774,42844,186
"2021-06-03",2051974,9240,43024,180
"2021-06-04",2057036,5062,43218,194
"2021-06-05",2064908,7872,43414,196
"2021-06-06",2071048,6140,43498,84
"2021-06-07",2075848,4800,43658,160
"2021-06-08",2082702,6854,43878,220
"2021-06-09",2096168,13466,44128,250
"2021-06-10",2106062,9894,44388,260
"2021-06-11",2114354,8292,44642,254
"2021-06-12",2125484,11130,44850,208
"2021-06-13",2129494,4010,45026,176
"2021-06-14",2133104,3610,45202,176
"2021-06-15",2143798,10694,45406,204
"2021-06-16",2155568,11770,45644,238
"2021-06-17",2166074,10506,45812,168
"2021-06-18",2176070,9996,46016,204
"2021-06-19",2185544,9474,46208,192
"2021-06-20",2194678,9134,46354,146
"2021-06-21",2198998,4320,46508,154
"2021-06-22",2209090,10092,46708,200
"2021-06-23",2217538,8448,46934,226
"2021-06-24",2224608,7070,47142,208
"2021-06-25",2228784,4176,47320,178
"2021-06-26",2234816,6032,47418,98
"2021-06-27",2238254,3438,47478,60
"2021-06-28",2240816,2562,47634,156
"2021-06-29",2246622,5806,47812,178
"2021-06-30",2249988,3366,48024,212
"2021-07-01",2256864,6876,48210,186
"2021-07-02",2264100,7236,48374,164
"2021-07-03",2270522,6422,48470,96
"2021-07-04",2274334,3812,48518,48
"2021-07-05",2276754,2420,48624,106
"2021-07-06",2283224,6470,48856,232
"2021-07-07",2288928,5704,48990,134
"2021-07-08",2295104,6176,49148,158
"2021-07-09",2304062,8958,49340,192
"2021-07-10",2311682,7620,49484,144
"2021-07-11",2316244,4562,49540,56
"2021-07-12",2318838,2594,49668,128
"2021-07-13",2323864,5026,49820,152
"2021-07-14",2328324,4460,49948,128
"2021-07-15",2331644,3320,50086,138
"2021-07-16",2336754,5110,50216,130
"2021-07-17",2342584,5830,50332,116
"2021-07-18",2346846,4262,50394,62
"2021-07-19",2349226,2380,50500,106
"2021-07-20",2350534,1308,50608,108
"2021-07-21",2356710,6176,50714,106
"2021-07-22",2361464,4754,50820,106
"2021-07-23",2365346,3882,50914,94
"2021-07-24",2368628,3282,50970,56
"2021-07-25",2370878,2250,51008,38
"2021-07-26",2372426,1548,51080,72
"2021-07-27",2375100,2674,51188,108
"2021-07-28",2377934,2834,51260,72
"2021-07-29",2381984,4050,51348,88
"2021-07-30",2384586,2602,51434,86
"2021-07-31",2387378,2792,51500,66
"2021-08-01",2388632,1254,51518,18
"2021-08-02",2389908,1276,51570,52
"2021-08-03",2391014,1106,51656,86
"2021-08-04",2394826,3812,51712,56
"2021-08-05",2398016,3190,51762,50
"2021-08-06",2400550,2534,51814,52
"2021-08-07",2403900,3350,51908,94
"2021-08-08",2404868,968,51910,2
"2021-08-09",2405640,772,51966,56
"2021-08-10",2408552,2912,52046,80
"2021-08-11",2410632,2080,52092,46
"2021-08-12",2413356,2724,52140,48
"2021-08-13",2415592,2236,52194,54
"2021-08-14",2417756,2164,52236,42
"2021-08-15",2418858,1102,52256,20
"2021-08-16",2419498,640,52302,46
"2021-08-17",2421344,1846,52356,54
"2021-08-18",2423250,1906,52398,42
"2021-08-19",2425206,1956,52452,54
"2021-08-20",2426636,1430,52480,28
"2021-08-21",2428648,2012,52520,40
"2021-08-22",2429380,732,52552,32
"2021-08-23",2430080,700,52574,22
"2021-08-24",2431768,1688,52614,40
"2021-08-25",2433092,1324,52664,50
"2021-08-26",2435264,2172,52700,36
"2021-08-27",2437300,2036,52758,58
"2021-08-28",2438880,1580,52832,74
"2021-08-29",2439654,774,52886,54
"2021-08-30",2440336,682,52932,46
"2021-08-31",2441584,1248,52974,42
"2021-09-01",2443194,1610,52994,20
"2021-09-02",2444854,1660,53020,26
"2021-09-03",2446482,1628,53070,50
"2021-09-04",2447538,1056,53130,60
"2021-09-05",2447958,420,53144,14
"2021-09-06",2448348,390,53154,10
"2021-09-07",2448996,648,53166,12
"2021-09-08",2449336,340,53194,28
"2021-09-09",2450516,1180,53234,40
"2021-09-10",2451394,878,53254,20
"2021-09-11",2451394,0,53266,12
"2021-09-12",2452674,1280,53274,8
"2021-09-13",2452994,320,53300,26
"2021-09-14",2453882,888,53354,54
"2021-09-15",2454824,942,53378,24
"2021-09-16",2455740,916,53424,46
"2021-09-17",2457014,1274,53484,60
"2021-09-18",2457554,540,53504,20
"2021-09-19",2458140,586,53510,6
"2021-09-20",2458400,260,53542,32
"2021-09-21",2458400,0,53562,20
"2021-09-22",2460514,2114,53576,14
"2021-09-23",2461624,1110,53596,20
"2021-09-24",2462816,1192,53658,62
"2021-09-25",2463506,690,53666,8
"2021-09-26",2463970,464,53672,6
"2021-09-27",2464270,300,53684,12
"2021-09-28",2465348,1078,53690,6
"2021-09-29",2466488,1140,53702,12
"2021-09-30",2467598,1110,53718,16
"2021-10-01",2468740,1142,53732,14
"2021-10-02",2469624,884,53740,8
"2021-10-03",2470278,654,53746,6
"2021-10-04",2470738,460,53762,16
"2021-10-05",2471444,706,53772,10
"2021-10-06",2472008,564,53792,20
"2021-10-07",2472780,772,53802,10
"2021-10-08",2474190,1410,53818,16
"2021-10-09",2474940,750,53832,14
"2021-10-10",2475350,410,53838,6
"2021-10-11",2475558,208,53850,12
"2021-10-12",2475746,188,53866,16
"2021-10-13",2476126,380,53880,14
"2021-10-14",2477304,1178,53900,20
"2021-10-15",2478586,1282,53914,14
"2021-10-16",2479300,714,53934,20
"2021-10-17",2479786,486,53936,2
"2021-10-18",2480542,756,53952,16
"2021-10-19",2481324,782,53972,20
"2021-10-20",2482244,920,53984,12
"2021-10-21",2483588,1344,54002,18
"2021-10-22",2484584,996,54020,18
"2021-10-23",2485642,1058,54034,14
"2021-10-24",2486010,368,54038,4
"2021-10-25",2486386,376,54066,28
"2021-10-26",2487282,896,54084,18
"2021-10-27",2488246,964,54096,12
"2021-10-28",2489570,1324,54122,26
"2021-10-29",2490874,1304,54140,18
"2021-10-30",2492128,1254,54152,12
"2021-10-31",2492592,464,54154,2
"2021-11-01",2492878,286,54160,6
"2021-11-02",2493272,394,54168,8
"2021-11-03",2493456,184,54182,14
"2021-11-04",2494688,1232,54202,20
"2021-11-05",2495902,1214,54230,28
"2021-11-06",2497100,1198,54234,4
"2021-11-07",2497710,610,54238,4
"2021-11-08",2498200,490,54254,16
"2021-11-09",2499226,1026,54272,18
"2021-11-10",2500258,1032,54300,28
"2021-11-11",2501228,970,54310,10
"2021-11-12",2502652,1424,54322,12
"2021-11-13",2503732,1080,54342,20
"2021-11-14",2504398,666,54348,6
"2021-11-15",2504690,292,54354,6
"2021-11-16",2505254,564,54362,8
"2021-11-17",2506546,1292,54374,12
"2021-11-18",2507856,1310,54410,36
"2021-11-19",2509294,1438,54442,32
"2021-11-20",2510474,1180,54454,12
"2021-11-21",2510962,488,54460,6
"2021-11-22",2511306,344,54482,22
"2021-11-23",2513622,2316,54502,20
"2021-11-24",2514288,666,54516,14
"2021-11-25",2515224,936,54540,24
"2021-11-26",2516712,1488,54554,14
"2021-11-27",2517744,1032,54564,10
"2021-11-28",2518572,828,54568,4
"2021-11-29",2518886,314,54594,26
"2021-11-30",2520682,1796,54618,24
"2021-12-01",2521862,1180,54640,22
"2021-12-02",2523026,1164,54658,18
"2021-12-03",2524132,1106,54672,14
"2021-12-04",2525162,1030,54682,10
"2021-12-05",2525586,424,54686,4
"2021-12-06",2526084,498,54702,16
"2021-12-07",2527232,1148,54718,16
"2021-12-08",2528448,1216,54730,12
"2021-12-09",2529608,1160,54740,10
"2021-12-10",2529608,0,54768,28
"2021-12-11",2529608,0,54772,4
"2021-12-12",2529608,0,54780,8
"2021-12-13",2529608,0,54798,18
"2021-12-14",2529608,0,54820,22
"2021-12-15",2529608,0,54834,14
"2021-12-16",2529608,0,54842,8
"2021-12-17",2529608,0,54856,14
"2021-12-18",2529608,0,54860,4
"2021-12-19",2529608,0,54864,4
"2021-12-20",2529608,0,54876,12
"2021-12-21",2529608,0,54888,12
"2021-12-22",2529608,0,54904,16
"2021-12-23",2529608,0,54916,12
"2021-12-24",2529608,0,54926,10
"2021-12-25",2529608,0,54928,2
"2021-12-26",2537738,8130,54928,0
"2021-12-27",2538384,646,54942,14
"2021-12-28",2539234,850,54958,16
"2021-12-29",2540044,810,54992,34
"2021-12-30",2540962,918,55002,10
"2021-12-31",2541716,754,55012,10
"2022-01-01",2542058,342,55014,2
"2022-01-02",2542310,252,55020,6
"2022-01-03",2542500,190,55038,18
"2022-01-04",2543924,1424,55076,38
"2022-01-05",2545334,1410,55100,24
"2022-01-06",2547910,2576,55108,8
"2022-01-07",2550578,2668,55148,40
"2022-01-08",2553664,3086,55178,30
"2022-01-09",2555216,1552,55184,6
"2022-01-10",2555950,734,55214,30
"2022-01-11",2560254,4304,55232,18
"2022-01-12",2563474,3220,55256,24
"2022-01-13",2567472,3998,55284,28
"2022-01-14",2572332,4860,55300,16
"2022-01-15",2574168,1836,55316,16
"2022-01-16",2577112,2944,55324,8
"2022-01-17",2580702,3590,55344,20
"2022-01-18",2588538,7836,55390,46
"2022-01-19",2598312,9774,55422,32
"2022-01-20",2606090,7778,55462,40
"2022-01-21",2616292,10202,55504,42
"2022-01-22",2624742,8450,55540,36
"2022-01-23",2632904,8162,55546,6
"2022-01-24",2638352,5448,55582,36
"2022-01-25",2650642,12290,55638,56
"2022-01-26",2663552,12910,55674,36
"2022-01-27",2678768,15216,55732,58
"2022-01-28",2694750,15982,55788,56
"2022-01-29",2711000,16250,55814,26
"2022-01-30",2718974,7974,55824,10
"2022-01-31",2726624,7650,55888,64
"2022-02-01",2735394,8770,55962,74
"2022-02-02",2748056,12662,56052,90
"2022-02-03",2779128,31072,56154,102
"2022-02-04",2798802,19674,56266,112
"2022-02-05",2812036,13234,56328,62
"2022-02-06",2816646,4610,56336,8
"2022-02-07",2821238,4592,56434,98
"2022-02-08",2837890,16652,56562,128
"2022-02-09",2849258,11368,56690,128
"2022-02-10",2870778,21520,56798,108
"2022-02-11",2888096,17318,56896,98
"2022-02-12",2904730,16634,56954,58
"2022-02-13",2914560,9830,56982,28
"2022-02-14",2918172,3612,57072,90
"2022-02-15",2928864,10692,57182,110
"2022-02-16",2940774,11910,57360,178
"2022-02-17",2947576,6802,57558,198
"2022-02-18",2963192,15616,57708,150
"2022-02-19",2969062,5870,57764,56
"2022-02-20",2971044,1982,57800,36
"2022-02-21",2971606,562,57858,58
"2022-02-22",2979188,7582,57954,96
"2022-02-23",2985930,6742,58006,52
"2022-02-24",2992338,6408,58112,106
"2022-02-25",2997470,5132,58192,80
"2022-02-26",3002200,4730,58286,94
"2022-02-27",3002882,682,58294,8
"2022-02-28",3004336,1454,58362,68
"2022-03-01",3005186,850,58442,80
"2022-03-02",3007336,2150,58520,78
"2022-03-03",3010492,3156,58606,86
"2022-03-04",3014772,4280,58672,66
"2022-03-05",3017942,3170,58714,42
"2022-03-06",3018406,464,58720,6
"2022-03-07",3018640,234,58762,42
"2022-03-08",3018640,0,58762,0
"2022-03-09",3025940,7300,58836,74
"2022-03-10",3029594,3654,58892,56
"2022-03-11",3033226,3632,58940,48
"2022-03-12",3036206,2980,58968,28
"2022-03-13",3036476,270,58972,4
"2022-03-14",3036570,94,59002,30
"2022-03-15",3039898,3328,59042,40
"2022-03-16",3042220,2322,59062,20
"2022-03-17",3044190,1970,59098,36
"2022-03-18",3044190,0,59132,34
"2022-03-19",3048846,4656,59164,32
"2022-03-20",3049034,188,59168,4
"2022-03-21",3049104,70,59202,34
"2022-03-22",3051314,2210,59252,50
"2022-03-23",3053654,2340,59270,18
"2022-03-24",3055984,2330,59292,22
"2022-03-25",3058016,2032,59312,20
"2022-03-26",3058016,0,59314,2
"2022-03-27",3060108,2092,59316,2
"2022-03-28",3060212,104,59344,28
"2022-03-29",3061894,1682,59376,32
"2022-03-30",3063648,1754,59400,24
"2022-03-31",3065364,1716,59426,26
"2022-04-01",3066736,1372,59436,10
"2022-04-02",3067968,1232,59446,10
"2022-04-03",3068102,134,59452,6
"2022-04-04",3068102,0,59462,10
"2022-04-05",3068102,0,59464,2
"2022-04-06",3070320,2218,59468,4
"2022-04-07",3072078,1758,59496,28
"2022-04-08",3072574,496,59524,28
"2022-04-09",3073526,952,59536,12
"2022-04-10",3073596,70,59546,10
"2022-04-11",3073700,104,59554,8
"2022-04-12",3074680,980,59578,24
"2022-04-13",3076084,1404,59586,8
"2022-04-14",3077072,988,59594,8
"2022-04-15",3077974,902,59600,6
"2022-04-16",3078034,60,59604,4
"2022-04-17",3078098,64,59606,2
"2022-04-18",3078126,28,59618,12
"2022-04-19",3079482,1356,59634,16
"2022-04-20",3079978,496,59642,8
"2022-04-21",3081022,1044,59650,8
"2022-04-22",3081094,72,59662,12
"2022-04-23",3082110,1016,59668,6
"2022-04-24",3082154,44,59680,12
"2022-04-25",3082192,38,59686,6
"2022-04-26",3083126,934,59692,6
"2022-04-27",3084194,1068,59696,4
"2022-04-28",3084802,608,59710,14
"2022-04-29",3085202,400,59712,2
"2022-04-30",3085760,558,59712,0
"2022-05-01",3085814,54,59712,0
"2022-05-02",3085882,68,59716,4
"2022-05-03",3086574,692,59720,4
"2022-05-04",3087728,1154,59724,4
"2022-05-05",3088000,272,59726,2
"2022-05-06",3088590,590,59738,12
"2022-05-07",3089104,514,59742,4
"2022-05-08",3089106,2,59742,0
"2022-05-09",3089152,46,59752,10
"2022-05-10",3089764,612,59770,18
"2022-05-11",3090610,846,59770,0
"2022-05-12",3091118,508,59774,4
"2022-05-13",3091630,512,59778,4
"2022-05-14",3091924,294,59782,4
"2022-05-15",3091946,22,59782,0
"2022-05-16",3091994,48,59790,8
"2022-05-17",3092590,596,59796,6
"2022-05-18",3092642,52,59804,8
"2022-05-19",3092672,30,59814,10
"2022-05-20",3092732,60,59832,18
"2022-05-21",3093448,716,59834,2
"2022-05-22",3093474,26,59838,4
"2022-05-23",3093514,40,59840,2
"2022-05-24",3094148,634,59844,4
"2022-05-25",3094744,596,59844,0
"2022-05-26",3095522,778,59844,0
"2022-05-27",3096302,780,59848,4
"2022-05-28",3096908,606,59852,4
"2022-05-29",3096968,60,59852,0
"2022-05-30",3096998,30,59870,18
"2022-05-31",3097984,986,59876,6
"2022-06-01",3098928,944,59878,2
"2022-06-02",3099730,802,59884,6
"2022-06-03",3099730,0,59884,0
"2022-06-04",3099730,0,59884,0
"2022-06-05",3099730,0,59884,0
"2022-06-06",3099730,0,59892,8
"2022-06-07",3102816,3086,59896,4
"2022-06-08",3104398,1582,59900,4
"2022-06-09",3105868,1470,59902,2
"2022-06-10",3107432,1564,59906,4
"2022-06-11",3108926,1494,59912,6
"2022-06-12",3109298,372,59912,0
"2022-06-13",3109482,184,59918,6
"2022-06-14",3111386,1904,59922,4
"2022-06-15",3113482,2096,59924,2
"2022-06-16",3115646,2164,59938,14
"2022-06-17",3116152,506,59950,12
"2022-06-18",3117926,1774,59962,12
"2022-06-19",3118464,538,59970,8
"2022-06-20",3118794,330,59980,10
"2022-06-21",3122012,3218,60000,20
"2022-06-22",3125994,3982,60018,18
"2022-06-23",3129800,3806,60020,2
"2022-06-24",3132430,2630,60022,2
"2022-06-25",3132754,324,60022,0
"2022-06-26",3134108,1354,60026,4
"2022-06-27",3134842,734,60038,12
"2022-06-28",3140090,5248,60048,10
"2022-06-29",3145578,5488,60050,2
"2022-06-30",3153018,7440,60062,12
"2022-07-01",3161614,8596,60080,18
"2022-07-02",3168574,6960,60090,10
"2022-07-03",3170366,1792,60092,2
"2022-07-04",3172576,2210,60094,2
"2022-07-05",3182538,9962,60098,4
"2022-07-06",3192098,9560,60132,34
"2022-07-07",3201996,9898,60140,8
"2022-07-08",3212416,10420,60144,4
"2022-07-09",3220680,8264,60154,10
"2022-07-10",3223382,2702,60158,4
"2022-07-11",3224358,976,60180,22
"2022-07-12",3233564,9206,60196,16
"2022-07-13",3242848,9284,60222,26
"2022-07-14",3252062,9214,60278,56
"2022-07-15",3259694,7632,60320,42
"2022-07-16",3266076,6382,60356,36
"2022-07-17",3266894,818,60370,14
"2022-07-18",3267404,510,60394,24
"2022-07-19",3274176,6772,60420,26
"2022-07-20",3281436,7260,60450,30
"2022-07-21",3287202,5766,60466,16
"2022-07-22",3293532,6330,60496,30
"2022-07-23",3297114,3582,60532,36
"2022-07-24",3298710,1596,60546,14
"2022-07-25",3299266,556,60564,18
"2022-07-26",3303588,4322,60602,38
"2022-07-27",3308474,4886,60652,50
"2022-07-28",3313468,4994,60672,20
"2022-07-29",3317778,4310,60698,26
"2022-07-30",3320756,2978,60708,10
"2022-07-31",3321168,412,60712,4
"2022-08-01",3321312,144,60724,12
"2022-08-02",3324506,3194,60754,30
"2022-08-03",3327762,3256,60798,44
"2022-08-04",3330786,3024,60842,44
"2022-08-05",3333994,3208,60888,46
"2022-08-06",3336792,2798,60896,8
"2022-08-07",3337140,348,60898,2
"2022-08-08",3337200,60,60928,30
"2022-08-09",3340296,3096,60966,38
"2022-08-10",3343090,2794,60974,8
"2022-08-11",3345698,2608,60998,24
"2022-08-12",3348670,2972,61014,16
"2022-08-13",3350802,2132,61028,14
"2022-08-14",3350874,72,61028,0
"2022-08-15",3350922,48,61034,6
"2022-08-16",3352636,1714,61048,14
"2022-08-17",3354976,2340,61058,10
"2022-08-18",3357020,2044,61130,72
"2022-08-19",3359318,2298,61142,12
"2022-08-20",3360912,1594,61144,2
"2022-08-21",3361162,250,61144,0
"2022-08-22",3361186,24,61176,32
"2022-08-23",3363054,1868,61204,28
"2022-08-24",3364928,1874,61212,8
"2022-08-25",3366790,1862,61234,22
"2022-08-26",3368686,1896,61240,6
"2022-08-27",3369542,856,61248,8
"2022-08-28",3369572,30,61252,4
"2022-08-29",3369610,38,61262,10
"2022-08-30",3370744,1134,61284,22
"2022-08-31",3371982,1238,61286,2
"2022-09-01",3373340,1358,61308,22
"2022-09-02",3374642,1302,61320,12
"2022-09-03",3375740,1098,61326,6
"2022-09-04",3375924,184,61326,0
"2022-09-05",3375944,20,61330,4
"2022-09-06",3376884,940,61332,2
"2022-09-07",3378254,1370,61336,4
"2022-09-08",3378304,50,61344,8
"2022-09-09",3379660,1356,61350,6
"2022-09-10",3380536,876,61352,2
"2022-09-11",3380756,220,61352,0
"2022-09-12",3380852,96,61362,10
"2022-09-13",3381730,878,61366,4
"2022-09-14",3382808,1078,61368,2
"2022-09-15",3383656,848,61370,2
